question,topic,urgency
How does a BST maintain ordering?,Data Structures,medium
Explain subqueries vs CTEs,SQL,medium
How to handle exceptions properly?,Python,medium
Explain how linked lists work,Data Structures,low
Explain CORS and how to handle it,Web Development,critical
What are generators and how to use them?,Python,medium
What are tries used for?,Data Structures,low
How to handle exceptions properly?,Python,high
What are generators and how to use them?,Python,critical
Can you explain list comprehensions?,Python,high
What is the purpose of __init__?,Python,critical
How does a BST maintain ordering?,Data Structures,high
What is the purpose of __init__?,Python,low
What is REST API design?,Web Development,medium
What is the difference between list and tuple?,Python,high
What is a heap and when to use it?,Data Structures,medium
Can you explain list comprehensions?,Python,medium
What are generators and how to use them?,Python,medium
How does a stack differ from a queue?,Data Structures,high
What is the difference between list and tuple?,Python,high
Explain CORS and how to handle it,Web Development,high
Explain CORS and how to handle it,Web Development,low
How does a BST maintain ordering?,Data Structures,medium
What is the difference between WHERE and HAVING?,SQL,critical
What is binary search and when to use it?,Algorithms,low
How do JOINs work in SQL?,SQL,low
When should I use a hash map vs tree map?,Data Structures,medium
How to handle exceptions properly?,Python,medium
Explain dynamic programming with an example,Algorithms,high
What is the purpose of __init__?,Python,high
How does HTTP differ from HTTPS?,Web Development,high
What are tries used for?,Data Structures,medium
Explain BFS vs DFS traversal,Algorithms,critical
How does a BST maintain ordering?,Data Structures,critical
Explain subqueries vs CTEs,SQL,high
How to optimize slow queries?,SQL,medium
How does a stack differ from a queue?,Data Structures,medium
How to read and write files in Python?,Python,high
What is a heap and when to use it?,Data Structures,critical
How does the GIL work?,Python,medium
How does the GIL work?,Python,low
Can you explain list comprehensions?,Python,critical
Explain BFS vs DFS traversal,Algorithms,high
What are indexes and when to use them?,SQL,medium
What are tries used for?,Data Structures,medium
What are indexes and when to use them?,SQL,medium
How does HTTP differ from HTTPS?,Web Development,medium
What is a heap and when to use it?,Data Structures,medium
What are tries used for?,Data Structures,medium
How does a BST maintain ordering?,Data Structures,high
How to read and write files in Python?,Python,critical
When should I use a hash map vs tree map?,Data Structures,medium
What is the difference between list and tuple?,Python,critical
What is the difference between list and tuple?,Python,high
How to read and write files in Python?,Python,low
What is the time complexity of quicksort?,Algorithms,medium
How to read and write files in Python?,Python,critical
What is the difference between list and tuple?,Python,medium
What are tries used for?,Data Structures,medium
Explain dynamic programming with an example,Algorithms,medium
Can you explain list comprehensions?,Python,medium
Explain BFS vs DFS traversal,Algorithms,medium
How do JOINs work in SQL?,SQL,medium
How does a BST maintain ordering?,Data Structures,critical
What is a heap and when to use it?,Data Structures,low
Explain how linked lists work,Data Structures,medium
How do I use decorators in Python?,Python,high
How does a stack differ from a queue?,Data Structures,high
How does merge sort work?,Algorithms,low
What is REST API design?,Web Development,medium
What is the time complexity of quicksort?,Algorithms,critical
When should I use a hash map vs tree map?,Data Structures,medium
What are generators and how to use them?,Python,high
How do JOINs work in SQL?,SQL,medium
Explain dynamic programming with an example,Algorithms,critical
When should I use a hash map vs tree map?,Data Structures,high
How to read and write files in Python?,Python,high
Explain BFS vs DFS traversal,Algorithms,low
How to handle exceptions properly?,Python,critical
Can you explain list comprehensions?,Python,medium
What is binary search and when to use it?,Algorithms,medium
How does merge sort work?,Algorithms,medium
How to read and write files in Python?,Python,high
How do JOINs work in SQL?,SQL,medium
Explain how linked lists work,Data Structures,medium
Can you explain list comprehensions?,Python,high
How do cookies and sessions work?,Web Development,critical
What is the time complexity of quicksort?,Algorithms,medium
How does merge sort work?,Algorithms,medium
Explain dynamic programming with an example,Algorithms,high
How do JOINs work in SQL?,SQL,critical
What are tries used for?,Data Structures,critical
When should I use a hash map vs tree map?,Data Structures,critical
What are tries used for?,Data Structures,critical
How does HTTP differ from HTTPS?,Web Development,low
When should I use a hash map vs tree map?,Data Structures,medium
How do I use decorators in Python?,Python,medium
How to optimize slow queries?,SQL,high
How to read and write files in Python?,Python,high
Explain how linked lists work,Data Structures,medium
When should I use a hash map vs tree map?,Data Structures,low
What is binary search and when to use it?,Algorithms,medium
How does a stack differ from a queue?,Data Structures,critical
What is REST API design?,Web Development,low
How to detect cycles in a graph?,Algorithms,high
Explain BFS vs DFS traversal,Algorithms,critical
What is a heap and when to use it?,Data Structures,high
What are tries used for?,Data Structures,medium
Can you explain list comprehensions?,Python,medium
Explain BFS vs DFS traversal,Algorithms,medium
What is the purpose of __init__?,Python,medium
How do I use decorators in Python?,Python,high
What are generators and how to use them?,Python,high
How does the GIL work?,Python,medium
Explain how linked lists work,Data Structures,high
What is binary search and when to use it?,Algorithms,critical
Explain dynamic programming with an example,Algorithms,high
What are generators and how to use them?,Python,high
What is the difference between list and tuple?,Python,critical
How do JOINs work in SQL?,SQL,high
What is the difference between list and tuple?,Python,medium
Can you explain list comprehensions?,Python,low
How does the GIL work?,Python,medium
What is middleware in web frameworks?,Web Development,high
What is a heap and when to use it?,Data Structures,high
Can you explain list comprehensions?,Python,low
How does the GIL work?,Python,low
What are tries used for?,Data Structures,high
How does a stack differ from a queue?,Data Structures,high
What are indexes and when to use them?,SQL,medium
How does a stack differ from a queue?,Data Structures,high
What is the time complexity of quicksort?,Algorithms,medium
How to handle exceptions properly?,Python,medium
Explain subqueries vs CTEs,SQL,high
What is the time complexity of quicksort?,Algorithms,low
Explain dynamic programming with an example,Algorithms,high
Explain dynamic programming with an example,Algorithms,high
Explain how linked lists work,Data Structures,high
How does merge sort work?,Algorithms,critical
Explain CORS and how to handle it,Web Development,medium
Can you explain list comprehensions?,Python,low
How to handle exceptions properly?,Python,medium
What is binary search and when to use it?,Algorithms,high
What is the difference between list and tuple?,Python,medium
How does a stack differ from a queue?,Data Structures,high
What is binary search and when to use it?,Algorithms,low
How does a BST maintain ordering?,Data Structures,medium
How do I use decorators in Python?,Python,high
Explain dynamic programming with an example,Algorithms,medium
What are tries used for?,Data Structures,high
What is the purpose of __init__?,Python,high
How do JOINs work in SQL?,SQL,medium
What is a heap and when to use it?,Data Structures,high
Explain how linked lists work,Data Structures,low
How does the GIL work?,Python,critical
What is the purpose of __init__?,Python,critical
How to detect cycles in a graph?,Algorithms,high
What is binary search and when to use it?,Algorithms,low
How to detect cycles in a graph?,Algorithms,high
How do JOINs work in SQL?,SQL,low
What is REST API design?,Web Development,low
How does a BST maintain ordering?,Data Structures,high
Explain how linked lists work,Data Structures,low
What is the difference between list and tuple?,Python,high
Explain subqueries vs CTEs,SQL,medium
Explain how linked lists work,Data Structures,high
How does the GIL work?,Python,medium
What is binary search and when to use it?,Algorithms,medium
How do JOINs work in SQL?,SQL,high
What is a heap and when to use it?,Data Structures,low
How to optimize slow queries?,SQL,medium
What are tries used for?,Data Structures,medium
What are generators and how to use them?,Python,high
What is binary search and when to use it?,Algorithms,high
Explain dynamic programming with an example,Algorithms,high
Explain CORS and how to handle it,Web Development,medium
Explain subqueries vs CTEs,SQL,critical
How to read and write files in Python?,Python,high
What are tries used for?,Data Structures,critical
Explain CORS and how to handle it,Web Development,high
What is REST API design?,Web Development,medium
What is the purpose of __init__?,Python,medium
Explain BFS vs DFS traversal,Algorithms,medium
Explain dynamic programming with an example,Algorithms,medium
Explain CORS and how to handle it,Web Development,low
How does a stack differ from a queue?,Data Structures,medium
How does a stack differ from a queue?,Data Structures,medium
How does the GIL work?,Python,critical
How does HTTP differ from HTTPS?,Web Development,medium
How does a BST maintain ordering?,Data Structures,high
Can you explain list comprehensions?,Python,low
How do cookies and sessions work?,Web Development,high
What is the time complexity of quicksort?,Algorithms,low
How to optimize slow queries?,SQL,low
How do I use decorators in Python?,Python,high
When should I use a hash map vs tree map?,Data Structures,medium
How does merge sort work?,Algorithms,critical
Explain subqueries vs CTEs,SQL,low
What is the purpose of __init__?,Python,medium
Can you explain list comprehensions?,Python,high
How does a BST maintain ordering?,Data Structures,critical
What is binary search and when to use it?,Algorithms,high
How to optimize slow queries?,SQL,medium
What are tries used for?,Data Structures,medium
What are generators and how to use them?,Python,medium
What is the time complexity of quicksort?,Algorithms,medium
What is the difference between list and tuple?,Python,medium
Explain how linked lists work,Data Structures,medium
What are indexes and when to use them?,SQL,high
How do JOINs work in SQL?,SQL,high
How does a BST maintain ordering?,Data Structures,high
Explain dynamic programming with an example,Algorithms,critical
What is the time complexity of quicksort?,Algorithms,medium
Explain BFS vs DFS traversal,Algorithms,high
What is the difference between list and tuple?,Python,medium
What is a heap and when to use it?,Data Structures,medium
When should I use a hash map vs tree map?,Data Structures,critical
How to read and write files in Python?,Python,high
What are indexes and when to use them?,SQL,medium
What is middleware in web frameworks?,Web Development,medium
How to handle exceptions properly?,Python,medium
How do I use decorators in Python?,Python,medium
Explain dynamic programming with an example,Algorithms,low
How to detect cycles in a graph?,Algorithms,medium
How to optimize slow queries?,SQL,medium
What is middleware in web frameworks?,Web Development,medium
How does the GIL work?,Python,medium
What are tries used for?,Data Structures,low
How do I use decorators in Python?,Python,medium
How do JOINs work in SQL?,SQL,medium
How does merge sort work?,Algorithms,low
What are tries used for?,Data Structures,low
Explain subqueries vs CTEs,SQL,low
How do JOINs work in SQL?,SQL,high
What is REST API design?,Web Development,high
How does a stack differ from a queue?,Data Structures,high
How to read and write files in Python?,Python,low
Explain BFS vs DFS traversal,Algorithms,high
What is the difference between list and tuple?,Python,medium
When should I use a hash map vs tree map?,Data Structures,high
What is the purpose of __init__?,Python,medium
What is the difference between list and tuple?,Python,medium
How does the GIL work?,Python,high
Explain dynamic programming with an example,Algorithms,high
What is a heap and when to use it?,Data Structures,medium
How does merge sort work?,Algorithms,high
How does a BST maintain ordering?,Data Structures,medium
What is the time complexity of quicksort?,Algorithms,medium
What are tries used for?,Data Structures,high
Can you explain list comprehensions?,Python,medium
What is a heap and when to use it?,Data Structures,critical
Can you explain list comprehensions?,Python,medium
How to optimize slow queries?,SQL,medium
What is a heap and when to use it?,Data Structures,critical
What are indexes and when to use them?,SQL,critical
How do JOINs work in SQL?,SQL,medium
Explain BFS vs DFS traversal,Algorithms,critical
What is the time complexity of quicksort?,Algorithms,medium
What is the difference between WHERE and HAVING?,SQL,medium
When should I use a hash map vs tree map?,Data Structures,high
When should I use a hash map vs tree map?,Data Structures,high
How does the GIL work?,Python,medium
What is middleware in web frameworks?,Web Development,medium
What is the difference between list and tuple?,Python,medium
How does a stack differ from a queue?,Data Structures,critical
How does a stack differ from a queue?,Data Structures,low
How do I use decorators in Python?,Python,high
Explain BFS vs DFS traversal,Algorithms,medium
When should I use a hash map vs tree map?,Data Structures,critical
What is the time complexity of quicksort?,Algorithms,low
How does merge sort work?,Algorithms,medium
When should I use a hash map vs tree map?,Data Structures,high
What is binary search and when to use it?,Algorithms,low
What are indexes and when to use them?,SQL,medium
How does the GIL work?,Python,medium
Explain BFS vs DFS traversal,Algorithms,medium
How do JOINs work in SQL?,SQL,high
What are tries used for?,Data Structures,critical
How does merge sort work?,Algorithms,high
When should I use a hash map vs tree map?,Data Structures,medium
How does a stack differ from a queue?,Data Structures,medium
How do cookies and sessions work?,Web Development,medium
Explain how linked lists work,Data Structures,high
What is a heap and when to use it?,Data Structures,high
How to detect cycles in a graph?,Algorithms,high
What is binary search and when to use it?,Algorithms,medium
How does a BST maintain ordering?,Data Structures,high
What are generators and how to use them?,Python,high
How to optimize slow queries?,SQL,high
How does the GIL work?,Python,low
What are indexes and when to use them?,SQL,medium
Explain subqueries vs CTEs,SQL,medium
How does a BST maintain ordering?,Data Structures,high
Explain dynamic programming with an example,Algorithms,high
Explain dynamic programming with an example,Algorithms,medium
What is the difference between list and tuple?,Python,medium
What is the purpose of __init__?,Python,medium
Explain CORS and how to handle it,Web Development,critical
What is the difference between list and tuple?,Python,high
What are generators and how to use them?,Python,high
How to read and write files in Python?,Python,high
What is REST API design?,Web Development,high
When should I use a hash map vs tree map?,Data Structures,medium
How does merge sort work?,Algorithms,critical
What are tries used for?,Data Structures,medium
What are generators and how to use them?,Python,low
How do cookies and sessions work?,Web Development,high
When should I use a hash map vs tree map?,Data Structures,high
How do I use decorators in Python?,Python,low
What is a heap and when to use it?,Data Structures,medium
What is REST API design?,Web Development,medium
Explain how linked lists work,Data Structures,medium
What are generators and how to use them?,Python,critical
How do I use decorators in Python?,Python,medium
When should I use a hash map vs tree map?,Data Structures,medium
Explain BFS vs DFS traversal,Algorithms,medium
How do I use decorators in Python?,Python,medium
How does HTTP differ from HTTPS?,Web Development,high
Explain subqueries vs CTEs,SQL,medium
How to read and write files in Python?,Python,low
Explain dynamic programming with an example,Algorithms,high
What are tries used for?,Data Structures,medium
Can you explain list comprehensions?,Python,high
How does merge sort work?,Algorithms,high
How does a stack differ from a queue?,Data Structures,medium
What are tries used for?,Data Structures,high
How do I use decorators in Python?,Python,medium
How to handle exceptions properly?,Python,medium
Can you explain list comprehensions?,Python,medium
What are indexes and when to use them?,SQL,high
How do JOINs work in SQL?,SQL,high
What is the purpose of __init__?,Python,high
Can you explain list comprehensions?,Python,medium
Explain dynamic programming with an example,Algorithms,high
What is the difference between list and tuple?,Python,high
How do cookies and sessions work?,Web Development,critical
What is middleware in web frameworks?,Web Development,medium
How does a stack differ from a queue?,Data Structures,low
What is the purpose of __init__?,Python,high
How to handle exceptions properly?,Python,high
How does a stack differ from a queue?,Data Structures,critical
Explain dynamic programming with an example,Algorithms,medium
What is a heap and when to use it?,Data Structures,high
What are tries used for?,Data Structures,medium
How to optimize slow queries?,SQL,critical
How do JOINs work in SQL?,SQL,critical
What are tries used for?,Data Structures,medium
What is the difference between list and tuple?,Python,low
How to read and write files in Python?,Python,high
When should I use a hash map vs tree map?,Data Structures,low
What are indexes and when to use them?,SQL,low
What is REST API design?,Web Development,medium
What is the difference between list and tuple?,Python,medium
How do JOINs work in SQL?,SQL,medium
How does merge sort work?,Algorithms,medium
What is binary search and when to use it?,Algorithms,low
How do I use decorators in Python?,Python,medium
What is the time complexity of quicksort?,Algorithms,high
What is the time complexity of quicksort?,Algorithms,critical
What is a heap and when to use it?,Data Structures,high
How does a stack differ from a queue?,Data Structures,medium
Explain dynamic programming with an example,Algorithms,low
Explain subqueries vs CTEs,SQL,medium
How to read and write files in Python?,Python,critical
Explain dynamic programming with an example,Algorithms,critical
What are tries used for?,Data Structures,low
How does a stack differ from a queue?,Data Structures,low
How to handle exceptions properly?,Python,high
How to optimize slow queries?,SQL,high
How does a stack differ from a queue?,Data Structures,medium
When should I use a hash map vs tree map?,Data Structures,medium
What is the time complexity of quicksort?,Algorithms,medium
What is the difference between list and tuple?,Python,high
Explain BFS vs DFS traversal,Algorithms,low
How does the GIL work?,Python,low
What is middleware in web frameworks?,Web Development,high
How does merge sort work?,Algorithms,medium
Explain how linked lists work,Data Structures,high
Explain subqueries vs CTEs,SQL,high
How do JOINs work in SQL?,SQL,critical
Explain dynamic programming with an example,Algorithms,critical
What is REST API design?,Web Development,high
What is REST API design?,Web Development,high
What is middleware in web frameworks?,Web Development,high
How to read and write files in Python?,Python,critical
What is REST API design?,Web Development,high
How to handle exceptions properly?,Python,medium
How do JOINs work in SQL?,SQL,high
What is a heap and when to use it?,Data Structures,low
How does the GIL work?,Python,medium
What is a heap and when to use it?,Data Structures,high
What are indexes and when to use them?,SQL,high
How does a stack differ from a queue?,Data Structures,medium
What is a heap and when to use it?,Data Structures,medium
What is the difference between list and tuple?,Python,critical
How does the GIL work?,Python,medium
How do cookies and sessions work?,Web Development,low
How does the GIL work?,Python,high
How does a BST maintain ordering?,Data Structures,medium
How to detect cycles in a graph?,Algorithms,critical
How do JOINs work in SQL?,SQL,medium
When should I use a hash map vs tree map?,Data Structures,medium
Can you explain list comprehensions?,Python,medium
What is the difference between WHERE and HAVING?,SQL,medium
How do I use decorators in Python?,Python,critical
What is the purpose of __init__?,Python,medium
How to detect cycles in a graph?,Algorithms,critical
Explain subqueries vs CTEs,SQL,low
What are tries used for?,Data Structures,high
What is REST API design?,Web Development,medium
How do cookies and sessions work?,Web Development,medium
Explain subqueries vs CTEs,SQL,high
How to handle exceptions properly?,Python,medium
How do I use decorators in Python?,Python,critical
Explain subqueries vs CTEs,SQL,low
How does HTTP differ from HTTPS?,Web Development,medium
How does merge sort work?,Algorithms,medium
How does a stack differ from a queue?,Data Structures,medium
How do cookies and sessions work?,Web Development,high
How to read and write files in Python?,Python,high
What are generators and how to use them?,Python,high
How do I use decorators in Python?,Python,medium
How does the GIL work?,Python,critical
Explain CORS and how to handle it,Web Development,low
When should I use a hash map vs tree map?,Data Structures,high
How to read and write files in Python?,Python,medium
How to handle exceptions properly?,Python,high
What are tries used for?,Data Structures,critical
What are generators and how to use them?,Python,low
Explain subqueries vs CTEs,SQL,medium
What is the time complexity of quicksort?,Algorithms,high
Explain dynamic programming with an example,Algorithms,critical
Explain dynamic programming with an example,Algorithms,critical
How to handle exceptions properly?,Python,critical
Explain dynamic programming with an example,Algorithms,medium
Explain CORS and how to handle it,Web Development,high
Explain subqueries vs CTEs,SQL,critical
How to optimize slow queries?,SQL,critical
How to read and write files in Python?,Python,medium
What is the time complexity of quicksort?,Algorithms,high
Explain subqueries vs CTEs,SQL,medium
How does the GIL work?,Python,high
How does HTTP differ from HTTPS?,Web Development,low
How does a BST maintain ordering?,Data Structures,high
Can you explain list comprehensions?,Python,low
How does a stack differ from a queue?,Data Structures,medium
Explain BFS vs DFS traversal,Algorithms,high
What are indexes and when to use them?,SQL,high
How to handle exceptions properly?,Python,medium
How do JOINs work in SQL?,SQL,high
How does a stack differ from a queue?,Data Structures,low
Explain subqueries vs CTEs,SQL,medium
How to detect cycles in a graph?,Algorithms,high
How to handle exceptions properly?,Python,high
Explain how linked lists work,Data Structures,medium
What is the difference between list and tuple?,Python,medium
How does HTTP differ from HTTPS?,Web Development,low
Explain subqueries vs CTEs,SQL,high
What is the difference between list and tuple?,Python,high
How to handle exceptions properly?,Python,medium
Explain CORS and how to handle it,Web Development,low
What is binary search and when to use it?,Algorithms,high
When should I use a hash map vs tree map?,Data Structures,medium
How does a stack differ from a queue?,Data Structures,critical
How does the GIL work?,Python,medium
What are indexes and when to use them?,SQL,high
Explain how linked lists work,Data Structures,critical
How do I use decorators in Python?,Python,low
How to handle exceptions properly?,Python,high
How to optimize slow queries?,SQL,high
How to read and write files in Python?,Python,critical
Explain BFS vs DFS traversal,Algorithms,medium
What is the purpose of __init__?,Python,low
How to detect cycles in a graph?,Algorithms,high
What are generators and how to use them?,Python,low
What is binary search and when to use it?,Algorithms,high
How does a BST maintain ordering?,Data Structures,low
What are tries used for?,Data Structures,medium
What are tries used for?,Data Structures,medium
How does merge sort work?,Algorithms,critical
How do cookies and sessions work?,Web Development,medium
How do I use decorators in Python?,Python,low
Explain BFS vs DFS traversal,Algorithms,high
What is the time complexity of quicksort?,Algorithms,high
How does HTTP differ from HTTPS?,Web Development,medium
How does the GIL work?,Python,low
What is the difference between WHERE and HAVING?,SQL,medium
What is the purpose of __init__?,Python,medium
What is the time complexity of quicksort?,Algorithms,low
Explain dynamic programming with an example,Algorithms,low
How do JOINs work in SQL?,SQL,critical
How to read and write files in Python?,Python,medium
What is REST API design?,Web Development,high
How to optimize slow queries?,SQL,medium
How to detect cycles in a graph?,Algorithms,high
How to optimize slow queries?,SQL,low
Can you explain list comprehensions?,Python,low
What is the purpose of __init__?,Python,high
Explain how linked lists work,Data Structures,medium
Explain CORS and how to handle it,Web Development,high
Explain subqueries vs CTEs,SQL,high
How does a stack differ from a queue?,Data Structures,low
What is binary search and when to use it?,Algorithms,critical
How do cookies and sessions work?,Web Development,low
How does a BST maintain ordering?,Data Structures,low
How do I use decorators in Python?,Python,high
How does the GIL work?,Python,high
How to detect cycles in a graph?,Algorithms,high
Explain BFS vs DFS traversal,Algorithms,critical
How do I use decorators in Python?,Python,medium
What is the time complexity of quicksort?,Algorithms,high
How does a stack differ from a queue?,Data Structures,high
What is the difference between WHERE and HAVING?,SQL,critical
How does the GIL work?,Python,medium
What is binary search and when to use it?,Algorithms,high
How to read and write files in Python?,Python,medium
What is the time complexity of quicksort?,Algorithms,medium
What is middleware in web frameworks?,Web Development,critical
What are tries used for?,Data Structures,low
What are tries used for?,Data Structures,medium
How does a stack differ from a queue?,Data Structures,low
How does merge sort work?,Algorithms,critical
How does the GIL work?,Python,low
How to detect cycles in a graph?,Algorithms,low
How do cookies and sessions work?,Web Development,critical
How does a stack differ from a queue?,Data Structures,medium
How does merge sort work?,Algorithms,medium
How to handle exceptions properly?,Python,critical
Can you explain list comprehensions?,Python,medium
How does the GIL work?,Python,medium
When should I use a hash map vs tree map?,Data Structures,high
What are indexes and when to use them?,SQL,critical
Explain dynamic programming with an example,Algorithms,low
What is the difference between list and tuple?,Python,low
What is the difference between list and tuple?,Python,low
Can you explain list comprehensions?,Python,medium
How do I use decorators in Python?,Python,medium
What is the difference between list and tuple?,Python,medium
Explain how linked lists work,Data Structures,low
What is REST API design?,Web Development,critical
Explain dynamic programming with an example,Algorithms,medium
How to detect cycles in a graph?,Algorithms,low
What are generators and how to use them?,Python,high
What is the purpose of __init__?,Python,medium
What is the purpose of __init__?,Python,high
How does a BST maintain ordering?,Data Structures,critical
How do I use decorators in Python?,Python,high
What is REST API design?,Web Development,low
What is the difference between list and tuple?,Python,critical
How to detect cycles in a graph?,Algorithms,low
What are indexes and when to use them?,SQL,high
How to read and write files in Python?,Python,high
How does merge sort work?,Algorithms,low
What is the time complexity of quicksort?,Algorithms,high
When should I use a hash map vs tree map?,Data Structures,medium
How do JOINs work in SQL?,SQL,low
How to handle exceptions properly?,Python,critical
What are tries used for?,Data Structures,critical
How does a stack differ from a queue?,Data Structures,high
How to optimize slow queries?,SQL,critical
What are tries used for?,Data Structures,medium
What is the purpose of __init__?,Python,high
What is binary search and when to use it?,Algorithms,medium
When should I use a hash map vs tree map?,Data Structures,medium
What is a heap and when to use it?,Data Structures,low
Explain BFS vs DFS traversal,Algorithms,high
How do JOINs work in SQL?,SQL,medium
What is the difference between WHERE and HAVING?,SQL,medium
What is the difference between list and tuple?,Python,low
How to read and write files in Python?,Python,high
Explain how linked lists work,Data Structures,high
What is the difference between WHERE and HAVING?,SQL,high
How does a BST maintain ordering?,Data Structures,medium
What is the purpose of __init__?,Python,low
Explain CORS and how to handle it,Web Development,critical
How does the GIL work?,Python,medium
Can you explain list comprehensions?,Python,medium
What are generators and how to use them?,Python,high
Explain CORS and how to handle it,Web Development,medium
What is a heap and when to use it?,Data Structures,high
How does a BST maintain ordering?,Data Structures,medium
How to handle exceptions properly?,Python,low
Explain subqueries vs CTEs,SQL,medium
How do I use decorators in Python?,Python,high
What are generators and how to use them?,Python,medium
Can you explain list comprehensions?,Python,high
What is the difference between list and tuple?,Python,low
Can you explain list comprehensions?,Python,high
How do JOINs work in SQL?,SQL,high
What is the time complexity of quicksort?,Algorithms,medium
How does HTTP differ from HTTPS?,Web Development,medium
What is the difference between WHERE and HAVING?,SQL,high
What is the difference between WHERE and HAVING?,SQL,high
What is the difference between WHERE and HAVING?,SQL,medium
How does merge sort work?,Algorithms,high
Explain subqueries vs CTEs,SQL,low
What is the purpose of __init__?,Python,medium
How to handle exceptions properly?,Python,medium
How does a BST maintain ordering?,Data Structures,low
How to read and write files in Python?,Python,low
Explain dynamic programming with an example,Algorithms,medium
When should I use a hash map vs tree map?,Data Structures,high
Explain CORS and how to handle it,Web Development,high
Explain BFS vs DFS traversal,Algorithms,high
Can you explain list comprehensions?,Python,medium
How to detect cycles in a graph?,Algorithms,medium
Explain how linked lists work,Data Structures,medium
What is binary search and when to use it?,Algorithms,medium
How does the GIL work?,Python,low
Explain BFS vs DFS traversal,Algorithms,high
How to detect cycles in a graph?,Algorithms,medium
What are tries used for?,Data Structures,low
What are tries used for?,Data Structures,high
Explain BFS vs DFS traversal,Algorithms,medium
What is the time complexity of quicksort?,Algorithms,critical
What is the purpose of __init__?,Python,high
What is the difference between list and tuple?,Python,low
What is a heap and when to use it?,Data Structures,medium
How to detect cycles in a graph?,Algorithms,medium
What is a heap and when to use it?,Data Structures,critical
What are generators and how to use them?,Python,critical
When should I use a hash map vs tree map?,Data Structures,high
Can you explain list comprehensions?,Python,low
How do JOINs work in SQL?,SQL,high
What is a heap and when to use it?,Data Structures,high
How do I use decorators in Python?,Python,medium
When should I use a hash map vs tree map?,Data Structures,low
How does HTTP differ from HTTPS?,Web Development,medium
What is the difference between WHERE and HAVING?,SQL,high
Explain how linked lists work,Data Structures,high
How to detect cycles in a graph?,Algorithms,critical
What is the purpose of __init__?,Python,medium
How does a BST maintain ordering?,Data Structures,medium
How to optimize slow queries?,SQL,high
When should I use a hash map vs tree map?,Data Structures,medium
How to handle exceptions properly?,Python,high
What is a heap and when to use it?,Data Structures,high
What is REST API design?,Web Development,low
What are indexes and when to use them?,SQL,high
How to read and write files in Python?,Python,high
How to handle exceptions properly?,Python,critical
Explain subqueries vs CTEs,SQL,medium
What is the difference between list and tuple?,Python,medium
How does the GIL work?,Python,medium
Explain CORS and how to handle it,Web Development,medium
How does a stack differ from a queue?,Data Structures,medium
Explain subqueries vs CTEs,SQL,low
Explain dynamic programming with an example,Algorithms,medium
What is the time complexity of quicksort?,Algorithms,medium
How to handle exceptions properly?,Python,high
How does merge sort work?,Algorithms,medium
How does the GIL work?,Python,low
Explain how linked lists work,Data Structures,medium
How does merge sort work?,Algorithms,medium
How does HTTP differ from HTTPS?,Web Development,medium
How does the GIL work?,Python,high
How does a stack differ from a queue?,Data Structures,low
Explain subqueries vs CTEs,SQL,medium
What are tries used for?,Data Structures,high
Explain BFS vs DFS traversal,Algorithms,critical
Can you explain list comprehensions?,Python,medium
What is the purpose of __init__?,Python,high
What is binary search and when to use it?,Algorithms,medium
What is the difference between list and tuple?,Python,high
How does the GIL work?,Python,critical
Explain how linked lists work,Data Structures,medium
What is binary search and when to use it?,Algorithms,high
What is the difference between list and tuple?,Python,low
What are indexes and when to use them?,SQL,high
Explain subqueries vs CTEs,SQL,medium
How does a BST maintain ordering?,Data Structures,critical
How to read and write files in Python?,Python,high
When should I use a hash map vs tree map?,Data Structures,high
How do I use decorators in Python?,Python,high
What are generators and how to use them?,Python,high
What is the difference between WHERE and HAVING?,SQL,medium
When should I use a hash map vs tree map?,Data Structures,high
How to read and write files in Python?,Python,critical
What are generators and how to use them?,Python,medium
What is binary search and when to use it?,Algorithms,low
How does merge sort work?,Algorithms,low
How to read and write files in Python?,Python,low
How does a stack differ from a queue?,Data Structures,medium
Explain CORS and how to handle it,Web Development,high
How to detect cycles in a graph?,Algorithms,medium
How does a BST maintain ordering?,Data Structures,high
What is the difference between WHERE and HAVING?,SQL,low
What are generators and how to use them?,Python,critical
How do JOINs work in SQL?,SQL,critical
Explain dynamic programming with an example,Algorithms,low
Explain BFS vs DFS traversal,Algorithms,low
What is REST API design?,Web Development,medium
How to handle exceptions properly?,Python,critical
What is binary search and when to use it?,Algorithms,critical
What is a heap and when to use it?,Data Structures,medium
How do I use decorators in Python?,Python,critical
How do I use decorators in Python?,Python,medium
What is the time complexity of quicksort?,Algorithms,high
Explain CORS and how to handle it,Web Development,low
Can you explain list comprehensions?,Python,low
What is REST API design?,Web Development,high
How do JOINs work in SQL?,SQL,medium
How does a BST maintain ordering?,Data Structures,high
What are tries used for?,Data Structures,high
What are indexes and when to use them?,SQL,low
What are tries used for?,Data Structures,critical
What is middleware in web frameworks?,Web Development,high
How does the GIL work?,Python,high
How to optimize slow queries?,SQL,medium
What are tries used for?,Data Structures,medium
Explain dynamic programming with an example,Algorithms,medium
What is binary search and when to use it?,Algorithms,low
How does merge sort work?,Algorithms,high
What is the difference between list and tuple?,Python,high
What are indexes and when to use them?,SQL,high
How do cookies and sessions work?,Web Development,medium
How to optimize slow queries?,SQL,medium
Explain BFS vs DFS traversal,Algorithms,high
How do I use decorators in Python?,Python,medium
What is a heap and when to use it?,Data Structures,low
What are indexes and when to use them?,SQL,high
What is the difference between list and tuple?,Python,high
Explain dynamic programming with an example,Algorithms,high
Explain how linked lists work,Data Structures,critical
How does a BST maintain ordering?,Data Structures,high
How to optimize slow queries?,SQL,low
Explain BFS vs DFS traversal,Algorithms,high
Can you explain list comprehensions?,Python,medium
How does the GIL work?,Python,low
How to detect cycles in a graph?,Algorithms,medium
What is binary search and when to use it?,Algorithms,high
How to detect cycles in a graph?,Algorithms,low
What are tries used for?,Data Structures,high
What are generators and how to use them?,Python,medium
Explain dynamic programming with an example,Algorithms,low
What are tries used for?,Data Structures,critical
What are generators and how to use them?,Python,medium
What is a heap and when to use it?,Data Structures,low
How does merge sort work?,Algorithms,low
How to handle exceptions properly?,Python,high
How do JOINs work in SQL?,SQL,critical
How does merge sort work?,Algorithms,high
Explain how linked lists work,Data Structures,high
Explain CORS and how to handle it,Web Development,medium
What is binary search and when to use it?,Algorithms,medium
How does a stack differ from a queue?,Data Structures,medium
Explain BFS vs DFS traversal,Algorithms,high
How do I use decorators in Python?,Python,critical
How to optimize slow queries?,SQL,medium
Explain how linked lists work,Data Structures,medium
What is a heap and when to use it?,Data Structures,high
How does a BST maintain ordering?,Data Structures,high
Explain BFS vs DFS traversal,Algorithms,high
When should I use a hash map vs tree map?,Data Structures,high
How do I use decorators in Python?,Python,medium
How to detect cycles in a graph?,Algorithms,medium
How does HTTP differ from HTTPS?,Web Development,critical
What are generators and how to use them?,Python,low
What is the purpose of __init__?,Python,medium
What is REST API design?,Web Development,medium
What is the difference between WHERE and HAVING?,SQL,high
How do I use decorators in Python?,Python,medium
What are generators and how to use them?,Python,high
What is binary search and when to use it?,Algorithms,medium
What are tries used for?,Data Structures,critical
How to read and write files in Python?,Python,medium
How to read and write files in Python?,Python,critical
What are generators and how to use them?,Python,high
What is binary search and when to use it?,Algorithms,critical
How to handle exceptions properly?,Python,high
How do I use decorators in Python?,Python,medium
Explain CORS and how to handle it,Web Development,medium
What is the difference between list and tuple?,Python,high
When should I use a hash map vs tree map?,Data Structures,critical
How does merge sort work?,Algorithms,critical
What are generators and how to use them?,Python,high
Can you explain list comprehensions?,Python,medium
Explain BFS vs DFS traversal,Algorithms,medium
How does a BST maintain ordering?,Data Structures,low
How does merge sort work?,Algorithms,high
Explain how linked lists work,Data Structures,high
What are tries used for?,Data Structures,high
Explain how linked lists work,Data Structures,high
What is the purpose of __init__?,Python,critical
What is a heap and when to use it?,Data Structures,high
How does a BST maintain ordering?,Data Structures,high
Can you explain list comprehensions?,Python,medium
How does a stack differ from a queue?,Data Structures,high
What is the time complexity of quicksort?,Algorithms,low
What is a heap and when to use it?,Data Structures,medium
What are tries used for?,Data Structures,medium
Explain how linked lists work,Data Structures,medium
How to optimize slow queries?,SQL,medium
How to read and write files in Python?,Python,medium
What are indexes and when to use them?,SQL,medium
When should I use a hash map vs tree map?,Data Structures,medium
What is REST API design?,Web Development,medium
How to detect cycles in a graph?,Algorithms,medium
What is binary search and when to use it?,Algorithms,critical
How to read and write files in Python?,Python,medium
What is binary search and when to use it?,Algorithms,high
Explain subqueries vs CTEs,SQL,medium
Explain BFS vs DFS traversal,Algorithms,critical
How to handle exceptions properly?,Python,medium
What is middleware in web frameworks?,Web Development,critical
What is binary search and when to use it?,Algorithms,medium
What is REST API design?,Web Development,medium
How to handle exceptions properly?,Python,high
What are generators and how to use them?,Python,high
Explain subqueries vs CTEs,SQL,critical
When should I use a hash map vs tree map?,Data Structures,high
Explain how linked lists work,Data Structures,high
What is REST API design?,Web Development,high
How does a BST maintain ordering?,Data Structures,medium
What are indexes and when to use them?,SQL,medium
How does the GIL work?,Python,low
How do I use decorators in Python?,Python,medium
How do I use decorators in Python?,Python,high
How to handle exceptions properly?,Python,high
Explain BFS vs DFS traversal,Algorithms,high
How to optimize slow queries?,SQL,high
How to read and write files in Python?,Python,low
What is a heap and when to use it?,Data Structures,high
What are generators and how to use them?,Python,medium
How to optimize slow queries?,SQL,high
What are tries used for?,Data Structures,medium
How do I use decorators in Python?,Python,medium
Explain BFS vs DFS traversal,Algorithms,critical
How do I use decorators in Python?,Python,high
What is the time complexity of quicksort?,Algorithms,high
How to optimize slow queries?,SQL,high
How to read and write files in Python?,Python,medium
How does the GIL work?,Python,medium
What are tries used for?,Data Structures,high
When should I use a hash map vs tree map?,Data Structures,low
What is the time complexity of quicksort?,Algorithms,critical
How do I use decorators in Python?,Python,medium
What is REST API design?,Web Development,high
Explain subqueries vs CTEs,SQL,critical
Explain dynamic programming with an example,Algorithms,high
Explain how linked lists work,Data Structures,critical
Can you explain list comprehensions?,Python,low
How do I use decorators in Python?,Python,medium
How to read and write files in Python?,Python,medium
Explain subqueries vs CTEs,SQL,medium
Can you explain list comprehensions?,Python,high
What are generators and how to use them?,Python,critical
Explain BFS vs DFS traversal,Algorithms,medium
What is middleware in web frameworks?,Web Development,high
What are generators and how to use them?,Python,high
What is REST API design?,Web Development,high
How to detect cycles in a graph?,Algorithms,medium
How does a BST maintain ordering?,Data Structures,low
Explain CORS and how to handle it,Web Development,critical
How to read and write files in Python?,Python,high
What is a heap and when to use it?,Data Structures,critical
When should I use a hash map vs tree map?,Data Structures,medium
Can you explain list comprehensions?,Python,high
How to detect cycles in a graph?,Algorithms,high
How to detect cycles in a graph?,Algorithms,low
How does a BST maintain ordering?,Data Structures,critical
How to read and write files in Python?,Python,high
How does merge sort work?,Algorithms,medium
What are tries used for?,Data Structures,medium
What is a heap and when to use it?,Data Structures,high
How do cookies and sessions work?,Web Development,medium
What is middleware in web frameworks?,Web Development,medium
Explain BFS vs DFS traversal,Algorithms,high
How to read and write files in Python?,Python,high
When should I use a hash map vs tree map?,Data Structures,low
How to handle exceptions properly?,Python,high
What is the purpose of __init__?,Python,high
Explain BFS vs DFS traversal,Algorithms,medium
How do I use decorators in Python?,Python,medium
How do I use decorators in Python?,Python,high
Explain how linked lists work,Data Structures,medium
Explain subqueries vs CTEs,SQL,high
How to handle exceptions properly?,Python,low
How do I use decorators in Python?,Python,medium
What is binary search and when to use it?,Algorithms,high
How does merge sort work?,Algorithms,high
What is REST API design?,Web Development,high
Explain subqueries vs CTEs,SQL,high
What are generators and how to use them?,Python,high
Can you explain list comprehensions?,Python,high
What is binary search and when to use it?,Algorithms,low
What is a heap and when to use it?,Data Structures,critical
Explain how linked lists work,Data Structures,medium
What is middleware in web frameworks?,Web Development,high
Explain how linked lists work,Data Structures,high
Explain how linked lists work,Data Structures,critical
How to detect cycles in a graph?,Algorithms,medium
What is binary search and when to use it?,Algorithms,critical
How to read and write files in Python?,Python,critical
How do JOINs work in SQL?,SQL,medium
How do I use decorators in Python?,Python,low
How does a BST maintain ordering?,Data Structures,low
How does merge sort work?,Algorithms,high
How to detect cycles in a graph?,Algorithms,medium
What are indexes and when to use them?,SQL,high
How does the GIL work?,Python,critical
How to detect cycles in a graph?,Algorithms,high
What are indexes and when to use them?,SQL,high
How to optimize slow queries?,SQL,high
When should I use a hash map vs tree map?,Data Structures,low
How does a stack differ from a queue?,Data Structures,medium
What is a heap and when to use it?,Data Structures,low
What are indexes and when to use them?,SQL,medium
How does a stack differ from a queue?,Data Structures,high
Explain how linked lists work,Data Structures,medium
What are tries used for?,Data Structures,high
What is a heap and when to use it?,Data Structures,high
How to detect cycles in a graph?,Algorithms,medium
How do cookies and sessions work?,Web Development,medium
What is the difference between list and tuple?,Python,low
How to read and write files in Python?,Python,medium
What are tries used for?,Data Structures,high
What are tries used for?,Data Structures,low
Explain subqueries vs CTEs,SQL,critical
What are tries used for?,Data Structures,high
How do JOINs work in SQL?,SQL,low
Explain BFS vs DFS traversal,Algorithms,medium
What are tries used for?,Data Structures,medium
How do I use decorators in Python?,Python,medium
How does the GIL work?,Python,high
How does a stack differ from a queue?,Data Structures,high
What is the time complexity of quicksort?,Algorithms,low
What is a heap and when to use it?,Data Structures,medium
What are indexes and when to use them?,SQL,medium
What is binary search and when to use it?,Algorithms,medium
Explain dynamic programming with an example,Algorithms,medium
How to optimize slow queries?,SQL,critical
How does merge sort work?,Algorithms,high
How does a BST maintain ordering?,Data Structures,low
Explain subqueries vs CTEs,SQL,medium
How to read and write files in Python?,Python,high
Explain BFS vs DFS traversal,Algorithms,medium
Explain subqueries vs CTEs,SQL,high
How does a BST maintain ordering?,Data Structures,high
Can you explain list comprehensions?,Python,low
How do cookies and sessions work?,Web Development,medium
Explain CORS and how to handle it,Web Development,high
How does a stack differ from a queue?,Data Structures,medium
What are tries used for?,Data Structures,high
Explain how linked lists work,Data Structures,critical
When should I use a hash map vs tree map?,Data Structures,critical
What is REST API design?,Web Development,medium
How to detect cycles in a graph?,Algorithms,high
When should I use a hash map vs tree map?,Data Structures,low
How do I use decorators in Python?,Python,high
How to optimize slow queries?,SQL,medium
How does the GIL work?,Python,medium
What is the time complexity of quicksort?,Algorithms,medium
Explain dynamic programming with an example,Algorithms,critical
What are tries used for?,Data Structures,high
How do JOINs work in SQL?,SQL,medium
How do I use decorators in Python?,Python,high
What is REST API design?,Web Development,high
How to optimize slow queries?,SQL,high
How do JOINs work in SQL?,SQL,low
How to read and write files in Python?,Python,high
How does merge sort work?,Algorithms,high
How does merge sort work?,Algorithms,high
What are generators and how to use them?,Python,medium
How to handle exceptions properly?,Python,medium
What is binary search and when to use it?,Algorithms,critical
How does the GIL work?,Python,low
What is the difference between WHERE and HAVING?,SQL,low
How does a stack differ from a queue?,Data Structures,medium
How does a stack differ from a queue?,Data Structures,low
What is a heap and when to use it?,Data Structures,critical
What are tries used for?,Data Structures,medium
Can you explain list comprehensions?,Python,medium
When should I use a hash map vs tree map?,Data Structures,medium
How does the GIL work?,Python,high
When should I use a hash map vs tree map?,Data Structures,high
What is the purpose of __init__?,Python,medium
How does a stack differ from a queue?,Data Structures,high
How to detect cycles in a graph?,Algorithms,high
What are generators and how to use them?,Python,medium
What are tries used for?,Data Structures,high
How to handle exceptions properly?,Python,high
What is the purpose of __init__?,Python,medium
What is the difference between WHERE and HAVING?,SQL,high
How do I use decorators in Python?,Python,medium
What is the difference between list and tuple?,Python,high
Explain BFS vs DFS traversal,Algorithms,high
What is the difference between list and tuple?,Python,medium
What is a heap and when to use it?,Data Structures,high
Explain how linked lists work,Data Structures,high
How do I use decorators in Python?,Python,high
What is a heap and when to use it?,Data Structures,critical
How do cookies and sessions work?,Web Development,critical
What is a heap and when to use it?,Data Structures,high
What is the purpose of __init__?,Python,medium
Explain how linked lists work,Data Structures,high
What is binary search and when to use it?,Algorithms,high
How does merge sort work?,Algorithms,medium
What are generators and how to use them?,Python,high
How does the GIL work?,Python,medium
What is binary search and when to use it?,Algorithms,low
What is a heap and when to use it?,Data Structures,critical
How does a stack differ from a queue?,Data Structures,high
How do JOINs work in SQL?,SQL,low
What is the difference between WHERE and HAVING?,SQL,high
How does a stack differ from a queue?,Data Structures,medium
Explain dynamic programming with an example,Algorithms,high
How to detect cycles in a graph?,Algorithms,high
What is the time complexity of quicksort?,Algorithms,medium
Explain CORS and how to handle it,Web Development,high
What is a heap and when to use it?,Data Structures,low
Explain BFS vs DFS traversal,Algorithms,medium
What are indexes and when to use them?,SQL,low
How does merge sort work?,Algorithms,low
What is a heap and when to use it?,Data Structures,low
What is binary search and when to use it?,Algorithms,medium
What are tries used for?,Data Structures,high
How do cookies and sessions work?,Web Development,medium
When should I use a hash map vs tree map?,Data Structures,critical
How does the GIL work?,Python,medium
Explain CORS and how to handle it,Web Development,medium
What are indexes and when to use them?,SQL,medium
What are generators and how to use them?,Python,critical
How does the GIL work?,Python,low
When should I use a hash map vs tree map?,Data Structures,low
How to read and write files in Python?,Python,medium
How does a stack differ from a queue?,Data Structures,medium
How to detect cycles in a graph?,Algorithms,low
What are generators and how to use them?,Python,medium
How to optimize slow queries?,SQL,low
How do JOINs work in SQL?,SQL,high
How does the GIL work?,Python,medium
Explain how linked lists work,Data Structures,high
What is REST API design?,Web Development,medium
How to detect cycles in a graph?,Algorithms,low
How does HTTP differ from HTTPS?,Web Development,medium
What is a heap and when to use it?,Data Structures,medium
Explain CORS and how to handle it,Web Development,high
What is the difference between list and tuple?,Python,medium
What is the difference between list and tuple?,Python,high
Explain how linked lists work,Data Structures,low
What are indexes and when to use them?,SQL,medium
Explain dynamic programming with an example,Algorithms,high
Explain CORS and how to handle it,Web Development,medium
Can you explain list comprehensions?,Python,low
How does the GIL work?,Python,medium
How to read and write files in Python?,Python,low
How do cookies and sessions work?,Web Development,high
How does a stack differ from a queue?,Data Structures,high
Can you explain list comprehensions?,Python,critical
What is the difference between WHERE and HAVING?,SQL,medium
Explain how linked lists work,Data Structures,medium
What is a heap and when to use it?,Data Structures,critical
How does merge sort work?,Algorithms,critical
How to optimize slow queries?,SQL,medium
How does merge sort work?,Algorithms,medium
How do cookies and sessions work?,Web Development,critical
Explain dynamic programming with an example,Algorithms,medium
What is REST API design?,Web Development,critical
How to handle exceptions properly?,Python,high
When should I use a hash map vs tree map?,Data Structures,critical
How does a stack differ from a queue?,Data Structures,critical
How does a stack differ from a queue?,Data Structures,medium
Explain BFS vs DFS traversal,Algorithms,high
Explain dynamic programming with an example,Algorithms,critical
Explain subqueries vs CTEs,SQL,medium
What is the difference between list and tuple?,Python,high
What is a heap and when to use it?,Data Structures,medium
What is the time complexity of quicksort?,Algorithms,medium
How to optimize slow queries?,SQL,medium
How does the GIL work?,Python,medium
What is the time complexity of quicksort?,Algorithms,critical
What is the purpose of __init__?,Python,critical
How does HTTP differ from HTTPS?,Web Development,high
What is a heap and when to use it?,Data Structures,low
How to handle exceptions properly?,Python,critical
Explain BFS vs DFS traversal,Algorithms,high
What is middleware in web frameworks?,Web Development,high
What is a heap and when to use it?,Data Structures,high
What is REST API design?,Web Development,critical
What is the difference between list and tuple?,Python,high
Explain subqueries vs CTEs,SQL,low
What is the difference between list and tuple?,Python,high
What are generators and how to use them?,Python,high
Explain how linked lists work,Data Structures,medium
Explain how linked lists work,Data Structures,medium
How does a stack differ from a queue?,Data Structures,critical
What is a heap and when to use it?,Data Structures,high
What is the difference between WHERE and HAVING?,SQL,medium
How does merge sort work?,Algorithms,medium
Explain BFS vs DFS traversal,Algorithms,medium
What are generators and how to use them?,Python,medium
How do JOINs work in SQL?,SQL,medium
Explain subqueries vs CTEs,SQL,high
What is the difference between WHERE and HAVING?,SQL,high
When should I use a hash map vs tree map?,Data Structures,medium
What is the purpose of __init__?,Python,critical
How does a BST maintain ordering?,Data Structures,high
How do I use decorators in Python?,Python,low
When should I use a hash map vs tree map?,Data Structures,critical
Can you explain list comprehensions?,Python,low
Explain how linked lists work,Data Structures,low
What are generators and how to use them?,Python,medium
How does merge sort work?,Algorithms,high
How does a stack differ from a queue?,Data Structures,critical
How to optimize slow queries?,SQL,medium
How to read and write files in Python?,Python,critical
Explain subqueries vs CTEs,SQL,medium
How to read and write files in Python?,Python,low
How does a stack differ from a queue?,Data Structures,low
Can you explain list comprehensions?,Python,high
What is REST API design?,Web Development,medium
What is a heap and when to use it?,Data Structures,high
How does the GIL work?,Python,low
When should I use a hash map vs tree map?,Data Structures,medium
What is REST API design?,Web Development,high
Explain dynamic programming with an example,Algorithms,high
What is the difference between list and tuple?,Python,high
How do JOINs work in SQL?,SQL,low
How do I use decorators in Python?,Python,medium
What is a heap and when to use it?,Data Structures,medium
How do I use decorators in Python?,Python,high
How does merge sort work?,Algorithms,medium
What is a heap and when to use it?,Data Structures,high
What is the time complexity of quicksort?,Algorithms,low
How to optimize slow queries?,SQL,low
Explain BFS vs DFS traversal,Algorithms,high
How to read and write files in Python?,Python,high
How do JOINs work in SQL?,SQL,medium
How does a BST maintain ordering?,Data Structures,medium
Explain BFS vs DFS traversal,Algorithms,low
How do cookies and sessions work?,Web Development,critical
How to handle exceptions properly?,Python,critical
What are generators and how to use them?,Python,high
What are tries used for?,Data Structures,high
How to optimize slow queries?,SQL,critical
How do cookies and sessions work?,Web Development,low
How to detect cycles in a graph?,Algorithms,medium
How does the GIL work?,Python,medium
When should I use a hash map vs tree map?,Data Structures,critical
What is a heap and when to use it?,Data Structures,medium
How to handle exceptions properly?,Python,medium
How do I use decorators in Python?,Python,high
How does a stack differ from a queue?,Data Structures,medium
When should I use a hash map vs tree map?,Data Structures,high
Explain BFS vs DFS traversal,Algorithms,high
Explain subqueries vs CTEs,SQL,low
What is the difference between list and tuple?,Python,critical
What is REST API design?,Web Development,medium
What is REST API design?,Web Development,critical
Can you explain list comprehensions?,Python,high
What are generators and how to use them?,Python,medium
What is a heap and when to use it?,Data Structures,low
What is the time complexity of quicksort?,Algorithms,medium
What are generators and how to use them?,Python,medium
What is the time complexity of quicksort?,Algorithms,high
How does the GIL work?,Python,critical
How do I use decorators in Python?,Python,low
How to detect cycles in a graph?,Algorithms,low
What is binary search and when to use it?,Algorithms,low
How do cookies and sessions work?,Web Development,high
Explain BFS vs DFS traversal,Algorithms,medium
What are generators and how to use them?,Python,low
How to handle exceptions properly?,Python,low
What is the purpose of __init__?,Python,medium
What is middleware in web frameworks?,Web Development,medium
What is the time complexity of quicksort?,Algorithms,medium
How do I use decorators in Python?,Python,low
How does merge sort work?,Algorithms,medium
What is REST API design?,Web Development,medium
What is the difference between WHERE and HAVING?,SQL,high
Can you explain list comprehensions?,Python,low
Can you explain list comprehensions?,Python,medium
Explain subqueries vs CTEs,SQL,critical
What is a heap and when to use it?,Data Structures,medium
What is the time complexity of quicksort?,Algorithms,critical
How to handle exceptions properly?,Python,high
What are generators and how to use them?,Python,medium
What is binary search and when to use it?,Algorithms,critical
How does merge sort work?,Algorithms,medium
How to read and write files in Python?,Python,critical
How does a stack differ from a queue?,Data Structures,high
Explain dynamic programming with an example,Algorithms,high
How does a stack differ from a queue?,Data Structures,critical
What is a heap and when to use it?,Data Structures,critical
What are tries used for?,Data Structures,medium
Explain how linked lists work,Data Structures,medium
What is the difference between list and tuple?,Python,medium
How to handle exceptions properly?,Python,medium
What are generators and how to use them?,Python,critical
What is the difference between WHERE and HAVING?,SQL,high
How does a BST maintain ordering?,Data Structures,critical
Explain BFS vs DFS traversal,Algorithms,medium
What is a heap and when to use it?,Data Structures,low
What is the difference between WHERE and HAVING?,SQL,high
How to handle exceptions properly?,Python,high
Can you explain list comprehensions?,Python,medium
Can you explain list comprehensions?,Python,low
How do I use decorators in Python?,Python,high
How does a stack differ from a queue?,Data Structures,medium
What is middleware in web frameworks?,Web Development,medium
What is the difference between list and tuple?,Python,critical
Explain dynamic programming with an example,Algorithms,high
Explain dynamic programming with an example,Algorithms,high
What are generators and how to use them?,Python,medium
When should I use a hash map vs tree map?,Data Structures,medium
What is a heap and when to use it?,Data Structures,critical
Explain subqueries vs CTEs,SQL,medium
How does a stack differ from a queue?,Data Structures,medium
How do I use decorators in Python?,Python,low
Explain how linked lists work,Data Structures,high
When should I use a hash map vs tree map?,Data Structures,critical
How does merge sort work?,Algorithms,medium
What are tries used for?,Data Structures,medium
What is binary search and when to use it?,Algorithms,medium
What are tries used for?,Data Structures,medium
How does a BST maintain ordering?,Data Structures,medium
What is the difference between list and tuple?,Python,medium
How do JOINs work in SQL?,SQL,medium
How does a stack differ from a queue?,Data Structures,critical
What is the purpose of __init__?,Python,low
How do I use decorators in Python?,Python,medium
What are tries used for?,Data Structures,medium
What are tries used for?,Data Structures,critical
What is binary search and when to use it?,Algorithms,medium
How do JOINs work in SQL?,SQL,medium
What is the time complexity of quicksort?,Algorithms,medium
Explain how linked lists work,Data Structures,medium
What is binary search and when to use it?,Algorithms,medium
How do I use decorators in Python?,Python,medium
What is REST API design?,Web Development,medium
What is the difference between list and tuple?,Python,critical
How do I use decorators in Python?,Python,critical
How do JOINs work in SQL?,SQL,critical
Explain dynamic programming with an example,Algorithms,high
What is the time complexity of quicksort?,Algorithms,medium
What are generators and how to use them?,Python,high
Explain subqueries vs CTEs,SQL,high
How to optimize slow queries?,SQL,low
What is the purpose of __init__?,Python,medium
What is the difference between list and tuple?,Python,medium
Explain how linked lists work,Data Structures,low
How does a stack differ from a queue?,Data Structures,critical
How to read and write files in Python?,Python,low
When should I use a hash map vs tree map?,Data Structures,high
What are indexes and when to use them?,SQL,high
What is the difference between list and tuple?,Python,medium
Explain CORS and how to handle it,Web Development,critical
What is binary search and when to use it?,Algorithms,medium
Can you explain list comprehensions?,Python,medium
Can you explain list comprehensions?,Python,medium
Explain how linked lists work,Data Structures,high
Explain dynamic programming with an example,Algorithms,medium
How do JOINs work in SQL?,SQL,medium
What is the time complexity of quicksort?,Algorithms,high
When should I use a hash map vs tree map?,Data Structures,high
How does a stack differ from a queue?,Data Structures,high
What is the difference between WHERE and HAVING?,SQL,high
How to handle exceptions properly?,Python,high
How to detect cycles in a graph?,Algorithms,medium
Explain subqueries vs CTEs,SQL,medium
What is the purpose of __init__?,Python,high
How to detect cycles in a graph?,Algorithms,critical
What are tries used for?,Data Structures,medium
How does a BST maintain ordering?,Data Structures,high
Explain how linked lists work,Data Structures,medium
What is the time complexity of quicksort?,Algorithms,medium
Explain CORS and how to handle it,Web Development,high
What is the time complexity of quicksort?,Algorithms,high
How does a stack differ from a queue?,Data Structures,medium
How does HTTP differ from HTTPS?,Web Development,medium
Explain dynamic programming with an example,Algorithms,critical
How does merge sort work?,Algorithms,medium
Explain subqueries vs CTEs,SQL,high
What are generators and how to use them?,Python,high
How does the GIL work?,Python,high
What are indexes and when to use them?,SQL,high
How does merge sort work?,Algorithms,medium
What is the purpose of __init__?,Python,medium
Explain how linked lists work,Data Structures,high
Explain BFS vs DFS traversal,Algorithms,high
What are tries used for?,Data Structures,critical
How does a BST maintain ordering?,Data Structures,medium
What is the time complexity of quicksort?,Algorithms,high
Can you explain list comprehensions?,Python,high
How do cookies and sessions work?,Web Development,critical
Explain how linked lists work,Data Structures,high
Explain subqueries vs CTEs,SQL,medium
What is binary search and when to use it?,Algorithms,medium
How do cookies and sessions work?,Web Development,medium
How to optimize slow queries?,SQL,low
How does the GIL work?,Python,medium
Can you explain list comprehensions?,Python,critical
How to detect cycles in a graph?,Algorithms,low
How to optimize slow queries?,SQL,low
What is middleware in web frameworks?,Web Development,critical
How does merge sort work?,Algorithms,low
Explain dynamic programming with an example,Algorithms,medium
Explain dynamic programming with an example,Algorithms,high
Explain dynamic programming with an example,Algorithms,critical
How does a BST maintain ordering?,Data Structures,high
How does a BST maintain ordering?,Data Structures,critical
How does merge sort work?,Algorithms,medium
How do cookies and sessions work?,Web Development,critical
How to optimize slow queries?,SQL,high
Explain how linked lists work,Data Structures,medium
When should I use a hash map vs tree map?,Data Structures,high
What is REST API design?,Web Development,high
How to detect cycles in a graph?,Algorithms,medium
Can you explain list comprehensions?,Python,medium
What is binary search and when to use it?,Algorithms,critical
What is the difference between list and tuple?,Python,high
Explain dynamic programming with an example,Algorithms,medium
What is a heap and when to use it?,Data Structures,critical
How does a stack differ from a queue?,Data Structures,medium
How does the GIL work?,Python,high
Explain BFS vs DFS traversal,Algorithms,high
Explain dynamic programming with an example,Algorithms,low
How to read and write files in Python?,Python,medium
Explain CORS and how to handle it,Web Development,critical
How to optimize slow queries?,SQL,medium
How to optimize slow queries?,SQL,high
What is the purpose of __init__?,Python,low
How does the GIL work?,Python,critical
How does merge sort work?,Algorithms,medium
What are indexes and when to use them?,SQL,medium
What is a heap and when to use it?,Data Structures,high
Explain subqueries vs CTEs,SQL,low
How does a stack differ from a queue?,Data Structures,medium
How to handle exceptions properly?,Python,medium
What is the difference between list and tuple?,Python,low
What is a heap and when to use it?,Data Structures,critical
What are indexes and when to use them?,SQL,medium
Explain subqueries vs CTEs,SQL,medium
What is the purpose of __init__?,Python,medium
How does a BST maintain ordering?,Data Structures,low
Can you explain list comprehensions?,Python,critical
What is the difference between WHERE and HAVING?,SQL,high
Explain BFS vs DFS traversal,Algorithms,high
Can you explain list comprehensions?,Python,high
Explain how linked lists work,Data Structures,low
What is the purpose of __init__?,Python,low
How does a stack differ from a queue?,Data Structures,high
How to read and write files in Python?,Python,medium
How do I use decorators in Python?,Python,high
How does merge sort work?,Algorithms,critical
How does a BST maintain ordering?,Data Structures,critical
What are indexes and when to use them?,SQL,low
How does a BST maintain ordering?,Data Structures,high
What is a heap and when to use it?,Data Structures,high
How does merge sort work?,Algorithms,critical
What is a heap and when to use it?,Data Structures,medium
How does a BST maintain ordering?,Data Structures,critical
How to optimize slow queries?,SQL,high
What are tries used for?,Data Structures,high
What is the purpose of __init__?,Python,critical
Explain dynamic programming with an example,Algorithms,low
How to detect cycles in a graph?,Algorithms,medium
How to optimize slow queries?,SQL,medium
Explain subqueries vs CTEs,SQL,high
Explain BFS vs DFS traversal,Algorithms,low
Explain how linked lists work,Data Structures,critical
What are indexes and when to use them?,SQL,high
Explain subqueries vs CTEs,SQL,medium
How does merge sort work?,Algorithms,medium
What is a heap and when to use it?,Data Structures,medium
How does the GIL work?,Python,high
How does merge sort work?,Algorithms,high
What are indexes and when to use them?,SQL,medium
When should I use a hash map vs tree map?,Data Structures,medium
How to handle exceptions properly?,Python,low
How to read and write files in Python?,Python,critical
Explain subqueries vs CTEs,SQL,medium
When should I use a hash map vs tree map?,Data Structures,high
Explain BFS vs DFS traversal,Algorithms,medium
What is binary search and when to use it?,Algorithms,high
What are tries used for?,Data Structures,medium
Explain BFS vs DFS traversal,Algorithms,medium
Explain how linked lists work,Data Structures,high
What is REST API design?,Web Development,high
How to read and write files in Python?,Python,low
How to detect cycles in a graph?,Algorithms,critical
Explain CORS and how to handle it,Web Development,low
When should I use a hash map vs tree map?,Data Structures,medium
How does a BST maintain ordering?,Data Structures,low
Explain dynamic programming with an example,Algorithms,medium
How does a stack differ from a queue?,Data Structures,medium
How to optimize slow queries?,SQL,high
What is the difference between list and tuple?,Python,high
Explain BFS vs DFS traversal,Algorithms,medium
How does a BST maintain ordering?,Data Structures,high
When should I use a hash map vs tree map?,Data Structures,medium
When should I use a hash map vs tree map?,Data Structures,medium
How to read and write files in Python?,Python,critical
How do I use decorators in Python?,Python,high
What are generators and how to use them?,Python,high
How do cookies and sessions work?,Web Development,medium
When should I use a hash map vs tree map?,Data Structures,medium
Explain CORS and how to handle it,Web Development,high
What is a heap and when to use it?,Data Structures,high
What is REST API design?,Web Development,medium
How to read and write files in Python?,Python,medium
What is the difference between list and tuple?,Python,critical
What is a heap and when to use it?,Data Structures,medium
What is a heap and when to use it?,Data Structures,medium
What is the purpose of __init__?,Python,medium
Explain BFS vs DFS traversal,Algorithms,medium
How do cookies and sessions work?,Web Development,medium
How does a stack differ from a queue?,Data Structures,critical
What is the time complexity of quicksort?,Algorithms,medium
How to handle exceptions properly?,Python,high
What is the purpose of __init__?,Python,medium
What are indexes and when to use them?,SQL,medium
How does a stack differ from a queue?,Data Structures,critical
How does HTTP differ from HTTPS?,Web Development,medium
Explain dynamic programming with an example,Algorithms,medium
When should I use a hash map vs tree map?,Data Structures,high
How does the GIL work?,Python,medium
What is the purpose of __init__?,Python,critical
What is the purpose of __init__?,Python,medium
How do I use decorators in Python?,Python,medium
Explain how linked lists work,Data Structures,medium
How to detect cycles in a graph?,Algorithms,high
How to handle exceptions properly?,Python,high
Explain dynamic programming with an example,Algorithms,medium
How to detect cycles in a graph?,Algorithms,low
Explain subqueries vs CTEs,SQL,high
How does the GIL work?,Python,medium
How does the GIL work?,Python,high
How to handle exceptions properly?,Python,high
How to detect cycles in a graph?,Algorithms,high
What are indexes and when to use them?,SQL,low
How to handle exceptions properly?,Python,high
What is binary search and when to use it?,Algorithms,high
How does HTTP differ from HTTPS?,Web Development,low
What is the difference between WHERE and HAVING?,SQL,low
What are generators and how to use them?,Python,medium
How does the GIL work?,Python,high
What is the purpose of __init__?,Python,high
How do JOINs work in SQL?,SQL,low
How do JOINs work in SQL?,SQL,medium
How do I use decorators in Python?,Python,high
How does a BST maintain ordering?,Data Structures,high
What is the purpose of __init__?,Python,low
What is binary search and when to use it?,Algorithms,medium
How does a BST maintain ordering?,Data Structures,medium
How does the GIL work?,Python,critical
How does merge sort work?,Algorithms,high
What is REST API design?,Web Development,medium
How to read and write files in Python?,Python,high
When should I use a hash map vs tree map?,Data Structures,high
How to read and write files in Python?,Python,medium
Explain how linked lists work,Data Structures,low
Explain dynamic programming with an example,Algorithms,medium
What is the time complexity of quicksort?,Algorithms,high
Explain subqueries vs CTEs,SQL,medium
What is the difference between WHERE and HAVING?,SQL,low
How does a BST maintain ordering?,Data Structures,medium
How does a BST maintain ordering?,Data Structures,low
What is a heap and when to use it?,Data Structures,high
How to read and write files in Python?,Python,low
What is a heap and when to use it?,Data Structures,medium
Explain dynamic programming with an example,Algorithms,medium
Explain how linked lists work,Data Structures,medium
How does a stack differ from a queue?,Data Structures,critical
How do cookies and sessions work?,Web Development,medium
Explain how linked lists work,Data Structures,low
How does a stack differ from a queue?,Data Structures,high
What is a heap and when to use it?,Data Structures,medium
Explain subqueries vs CTEs,SQL,low
What is middleware in web frameworks?,Web Development,medium
What are tries used for?,Data Structures,medium
What is the difference between WHERE and HAVING?,SQL,medium
What is a heap and when to use it?,Data Structures,medium
How to optimize slow queries?,SQL,high
How to detect cycles in a graph?,Algorithms,medium
How to handle exceptions properly?,Python,medium
Explain BFS vs DFS traversal,Algorithms,medium
Can you explain list comprehensions?,Python,high
How to handle exceptions properly?,Python,high
Explain CORS and how to handle it,Web Development,high
How does merge sort work?,Algorithms,medium
What is the difference between list and tuple?,Python,high
What is the purpose of __init__?,Python,medium
How does HTTP differ from HTTPS?,Web Development,medium
How to read and write files in Python?,Python,medium
What is the difference between WHERE and HAVING?,SQL,low
When should I use a hash map vs tree map?,Data Structures,low
How to read and write files in Python?,Python,medium
How to handle exceptions properly?,Python,high
How does HTTP differ from HTTPS?,Web Development,medium
What are indexes and when to use them?,SQL,low
How do cookies and sessions work?,Web Development,low
What is the time complexity of quicksort?,Algorithms,critical
Explain BFS vs DFS traversal,Algorithms,high
How does a stack differ from a queue?,Data Structures,high
What are tries used for?,Data Structures,medium
How to handle exceptions properly?,Python,high
What are indexes and when to use them?,SQL,medium
How do JOINs work in SQL?,SQL,medium
